"class","category","indicator_name","series_name","sub_series_name","parameter","value","units","date_last_updated"
"Health","COVID-19 testing","Tests per day","undefined_name","Tests by day","2020-03-01","   12","Number","22-10-21"
"Health","COVID-19 testing","Tests per day","undefined_name","Tests by day","2020-03-02","   29","Number","22-10-21"
"Health","COVID-19 testing","Tests per day","undefined_name","Tests by day","2020-03-03","   26","Number","22-10-21"
"Health","COVID-19 testing","Tests per day","undefined_name","Tests by day","2020-03-04","   25","Number","22-10-21"
"Health","COVID-19 testing","Tests per day","undefined_name","Tests by day","2020-03-05","   27","Number","22-10-21"
"Health","COVID-19 testing","Tests per day","undefined_name","Tests by day","2020-03-06","   66","Number","22-10-21"
"Health","COVID-19 testing","Tests per day","undefined_name","Tests by day","2020-03-07","   44","Number","22-10-21"
"Health","COVID-19 testing","Tests per day","undefined_name","Tests by day","2020-03-08","   28","Number","22-10-21"
"Health","COVID-19 testing","Tests per day","undefined_name","Tests by day","2020-03-09","   79","Number","22-10-21"
"Health","COVID-19 testing","Tests per day","undefined_name","Tests by day","2020-03-10","   88","Number","22-10-21"
"Health","COVID-19 testing","Tests per day","undefined_name","Tests by day","2020-03-11","   83","Number","22-10-21"
"Health","COVID-19 testing","Tests per day","undefined_name","Tests by day","2020-03-12","   97","Number","22-10-21"
"Health","COVID-19 testing","Tests per day","undefined_name","Tests by day","2020-03-13","  120","Number","22-10-21"
"Health","COVID-19 testing","Tests per day","undefined_name","Tests by day","2020-03-14","  128","Number","22-10-21"
"Health","COVID-19 testing","Tests per day","undefined_name","Tests by day","2020-03-15","   88","Number","22-10-21"
"Health","COVID-19 testing","Tests per day","undefined_name","Tests by day","2020-03-16","  404","Number","22-10-21"
"Health","COVID-19 testing","Tests per day","undefined_name","Tests by day","2020-03-17","  921","Number","22-10-21"
"Health","COVID-19 testing","Tests per day","undefined_name","Tests by day","2020-03-18"," 1010","Number","22-10-21"
"Health","COVID-19 testing","Tests per day","undefined_name","Tests by day","2020-03-19"," 1384","Number","22-10-21"
"Health","COVID-19 testing","Tests per day","undefined_name","Tests by day","2020-03-20"," 1734","Number","22-10-21"
"Health","COVID-19 testing","Tests per day","undefined_name","Tests by day","2020-03-21"," 1281","Number","22-10-21"
"Health","COVID-19 testing","Tests per day","undefined_name","Tests by day","2020-03-22","  873","Number","22-10-21"
"Health","COVID-19 testing","Tests per day","undefined_name","Tests by day","2020-03-23"," 1898","Number","22-10-21"
"Health","COVID-19 testing","Tests per day","undefined_name","Tests by day","2020-03-24"," 2192","Number","22-10-21"
"Health","COVID-19 testing","Tests per day","undefined_name","Tests by day","2020-03-25"," 1952","Number","22-10-21"
"Health","COVID-19 testing","Tests per day","undefined_name","Tests by day","2020-03-26"," 2088","Number","22-10-21"
"Health","COVID-19 testing","Tests per day","undefined_name","Tests by day","2020-03-27"," 1853","Number","22-10-21"
"Health","COVID-19 testing","Tests per day","undefined_name","Tests by day","2020-03-28"," 1366","Number","22-10-21"
"Health","COVID-19 testing","Tests per day","undefined_name","Tests by day","2020-03-29","  982","Number","22-10-21"
"Health","COVID-19 testing","Tests per day","undefined_name","Tests by day","2020-03-30"," 1959","Number","22-10-21"
"Health","COVID-19 testing","Tests per day","undefined_name","Tests by day","2020-03-31"," 2036","Number","22-10-21"
"Health","COVID-19 testing","Tests per day","undefined_name","Tests by day","2020-04-01"," 3662","Number","22-10-21"
"Health","COVID-19 testing","Tests per day","undefined_name","Tests by day","2020-04-02"," 4057","Number","22-10-21"
"Health","COVID-19 testing","Tests per day","undefined_name","Tests by day","2020-04-03"," 4361","Number","22-10-21"
"Health","COVID-19 testing","Tests per day","undefined_name","Tests by day","2020-04-04"," 2603","Number","22-10-21"
"Health","COVID-19 testing","Tests per day","undefined_name","Tests by day","2020-04-05"," 2541","Number","22-10-21"
"Health","COVID-19 testing","Tests per day","undefined_name","Tests by day","2020-04-06"," 3378","Number","22-10-21"
"Health","COVID-19 testing","Tests per day","undefined_name","Tests by day","2020-04-07"," 4834","Number","22-10-21"
"Health","COVID-19 testing","Tests per day","undefined_name","Tests by day","2020-04-08"," 3705","Number","22-10-21"
"Health","COVID-19 testing","Tests per day","undefined_name","Tests by day","2020-04-09"," 3788","Number","22-10-21"
"Health","COVID-19 testing","Tests per day","undefined_name","Tests by day","2020-04-10"," 1716","Number","22-10-21"
"Health","COVID-19 testing","Tests per day","undefined_name","Tests by day","2020-04-11"," 1794","Number","22-10-21"
"Health","COVID-19 testing","Tests per day","undefined_name","Tests by day","2020-04-12"," 1350","Number","22-10-21"
"Health","COVID-19 testing","Tests per day","undefined_name","Tests by day","2020-04-13"," 1482","Number","22-10-21"
"Health","COVID-19 testing","Tests per day","undefined_name","Tests by day","2020-04-14"," 3123","Number","22-10-21"
"Health","COVID-19 testing","Tests per day","undefined_name","Tests by day","2020-04-15"," 4021","Number","22-10-21"
"Health","COVID-19 testing","Tests per day","undefined_name","Tests by day","2020-04-16"," 4396","Number","22-10-21"
"Health","COVID-19 testing","Tests per day","undefined_name","Tests by day","2020-04-17"," 4850","Number","22-10-21"
"Health","COVID-19 testing","Tests per day","undefined_name","Tests by day","2020-04-18"," 3206","Number","22-10-21"
"Health","COVID-19 testing","Tests per day","undefined_name","Tests by day","2020-04-19"," 2306","Number","22-10-21"
"Health","COVID-19 testing","Tests per day","undefined_name","Tests by day","2020-04-20"," 5732","Number","22-10-21"
"Health","COVID-19 testing","Tests per day","undefined_name","Tests by day","2020-04-21"," 7124","Number","22-10-21"
"Health","COVID-19 testing","Tests per day","undefined_name","Tests by day","2020-04-22"," 6243","Number","22-10-21"
"Health","COVID-19 testing","Tests per day","undefined_name","Tests by day","2020-04-23"," 6640","Number","22-10-21"
"Health","COVID-19 testing","Tests per day","undefined_name","Tests by day","2020-04-24"," 6543","Number","22-10-21"
"Health","COVID-19 testing","Tests per day","undefined_name","Tests by day","2020-04-25"," 2741","Number","22-10-21"
"Health","COVID-19 testing","Tests per day","undefined_name","Tests by day","2020-04-26"," 2098","Number","22-10-21"
"Health","COVID-19 testing","Tests per day","undefined_name","Tests by day","2020-04-27"," 2034","Number","22-10-21"
"Health","COVID-19 testing","Tests per day","undefined_name","Tests by day","2020-04-28"," 5102","Number","22-10-21"
"Health","COVID-19 testing","Tests per day","undefined_name","Tests by day","2020-04-29"," 5351","Number","22-10-21"
"Health","COVID-19 testing","Tests per day","undefined_name","Tests by day","2020-04-30"," 5474","Number","22-10-21"
"Health","COVID-19 testing","Tests per day","undefined_name","Tests by day","2020-05-01"," 5653","Number","22-10-21"
"Health","COVID-19 testing","Tests per day","undefined_name","Tests by day","2020-05-02"," 2803","Number","22-10-21"
"Health","COVID-19 testing","Tests per day","undefined_name","Tests by day","2020-05-03"," 1660","Number","22-10-21"
"Health","COVID-19 testing","Tests per day","undefined_name","Tests by day","2020-05-04"," 5237","Number","22-10-21"
"Health","COVID-19 testing","Tests per day","undefined_name","Tests by day","2020-05-05"," 6864","Number","22-10-21"
"Health","COVID-19 testing","Tests per day","undefined_name","Tests by day","2020-05-06"," 7282","Number","22-10-21"
"Health","COVID-19 testing","Tests per day","undefined_name","Tests by day","2020-05-07"," 7814","Number","22-10-21"
"Health","COVID-19 testing","Tests per day","undefined_name","Tests by day","2020-05-08"," 8435","Number","22-10-21"
"Health","COVID-19 testing","Tests per day","undefined_name","Tests by day","2020-05-09"," 3435","Number","22-10-21"
"Health","COVID-19 testing","Tests per day","undefined_name","Tests by day","2020-05-10"," 1745","Number","22-10-21"
"Health","COVID-19 testing","Tests per day","undefined_name","Tests by day","2020-05-11"," 5427","Number","22-10-21"
"Health","COVID-19 testing","Tests per day","undefined_name","Tests by day","2020-05-12"," 7495","Number","22-10-21"
"Health","COVID-19 testing","Tests per day","undefined_name","Tests by day","2020-05-13"," 6857","Number","22-10-21"
"Health","COVID-19 testing","Tests per day","undefined_name","Tests by day","2020-05-14"," 6582","Number","22-10-21"
"Health","COVID-19 testing","Tests per day","undefined_name","Tests by day","2020-05-15"," 5780","Number","22-10-21"
"Health","COVID-19 testing","Tests per day","undefined_name","Tests by day","2020-05-16"," 2379","Number","22-10-21"
"Health","COVID-19 testing","Tests per day","undefined_name","Tests by day","2020-05-17"," 1552","Number","22-10-21"
"Health","COVID-19 testing","Tests per day","undefined_name","Tests by day","2020-05-18"," 5397","Number","22-10-21"
"Health","COVID-19 testing","Tests per day","undefined_name","Tests by day","2020-05-19"," 5701","Number","22-10-21"
"Health","COVID-19 testing","Tests per day","undefined_name","Tests by day","2020-05-20"," 5640","Number","22-10-21"
"Health","COVID-19 testing","Tests per day","undefined_name","Tests by day","2020-05-21"," 5657","Number","22-10-21"
"Health","COVID-19 testing","Tests per day","undefined_name","Tests by day","2020-05-22"," 4727","Number","22-10-21"
"Health","COVID-19 testing","Tests per day","undefined_name","Tests by day","2020-05-23"," 1472","Number","22-10-21"
"Health","COVID-19 testing","Tests per day","undefined_name","Tests by day","2020-05-24"," 1119","Number","22-10-21"
"Health","COVID-19 testing","Tests per day","undefined_name","Tests by day","2020-05-25"," 4428","Number","22-10-21"
"Health","COVID-19 testing","Tests per day","undefined_name","Tests by day","2020-05-26"," 4017","Number","22-10-21"
"Health","COVID-19 testing","Tests per day","undefined_name","Tests by day","2020-05-27"," 3482","Number","22-10-21"
"Health","COVID-19 testing","Tests per day","undefined_name","Tests by day","2020-05-28"," 3052","Number","22-10-21"
"Health","COVID-19 testing","Tests per day","undefined_name","Tests by day","2020-05-29"," 2413","Number","22-10-21"
"Health","COVID-19 testing","Tests per day","undefined_name","Tests by day","2020-05-30","  769","Number","22-10-21"
"Health","COVID-19 testing","Tests per day","undefined_name","Tests by day","2020-05-31","  177","Number","22-10-21"
"Health","COVID-19 testing","Tests per day","undefined_name","Tests by day","2020-06-01","  671","Number","22-10-21"
"Health","COVID-19 testing","Tests per day","undefined_name","Tests by day","2020-06-02"," 1149","Number","22-10-21"
"Health","COVID-19 testing","Tests per day","undefined_name","Tests by day","2020-06-03"," 2720","Number","22-10-21"
"Health","COVID-19 testing","Tests per day","undefined_name","Tests by day","2020-06-04"," 2717","Number","22-10-21"
"Health","COVID-19 testing","Tests per day","undefined_name","Tests by day","2020-06-05"," 2993","Number","22-10-21"
"Health","COVID-19 testing","Tests per day","undefined_name","Tests by day","2020-06-06"," 2076","Number","22-10-21"
"Health","COVID-19 testing","Tests per day","undefined_name","Tests by day","2020-06-07","  794","Number","22-10-21"
"Health","COVID-19 testing","Tests per day","undefined_name","Tests by day","2020-06-08","  990","Number","22-10-21"
"Health","COVID-19 testing","Tests per day","undefined_name","Tests by day","2020-06-09"," 2641","Number","22-10-21"
"Health","COVID-19 testing","Tests per day","undefined_name","Tests by day","2020-06-10"," 3427","Number","22-10-21"
"Health","COVID-19 testing","Tests per day","undefined_name","Tests by day","2020-06-11"," 2915","Number","22-10-21"
"Health","COVID-19 testing","Tests per day","undefined_name","Tests by day","2020-06-12"," 2934","Number","22-10-21"
"Health","COVID-19 testing","Tests per day","undefined_name","Tests by day","2020-06-13"," 2484","Number","22-10-21"
"Health","COVID-19 testing","Tests per day","undefined_name","Tests by day","2020-06-14","  760","Number","22-10-21"
"Health","COVID-19 testing","Tests per day","undefined_name","Tests by day","2020-06-15"," 1460","Number","22-10-21"
"Health","COVID-19 testing","Tests per day","undefined_name","Tests by day","2020-06-16"," 3567","Number","22-10-21"
"Health","COVID-19 testing","Tests per day","undefined_name","Tests by day","2020-06-17"," 4832","Number","22-10-21"
"Health","COVID-19 testing","Tests per day","undefined_name","Tests by day","2020-06-18"," 6310","Number","22-10-21"
"Health","COVID-19 testing","Tests per day","undefined_name","Tests by day","2020-06-19"," 7704","Number","22-10-21"
"Health","COVID-19 testing","Tests per day","undefined_name","Tests by day","2020-06-20"," 6058","Number","22-10-21"
"Health","COVID-19 testing","Tests per day","undefined_name","Tests by day","2020-06-21"," 3451","Number","22-10-21"
"Health","COVID-19 testing","Tests per day","undefined_name","Tests by day","2020-06-22"," 4151","Number","22-10-21"
"Health","COVID-19 testing","Tests per day","undefined_name","Tests by day","2020-06-23"," 8968","Number","22-10-21"
"Health","COVID-19 testing","Tests per day","undefined_name","Tests by day","2020-06-24","10359","Number","22-10-21"
"Health","COVID-19 testing","Tests per day","undefined_name","Tests by day","2020-06-25","10006","Number","22-10-21"
"Health","COVID-19 testing","Tests per day","undefined_name","Tests by day","2020-06-26"," 9091","Number","22-10-21"
"Health","COVID-19 testing","Tests per day","undefined_name","Tests by day","2020-06-27"," 5465","Number","22-10-21"
"Health","COVID-19 testing","Tests per day","undefined_name","Tests by day","2020-06-28"," 2809","Number","22-10-21"
"Health","COVID-19 testing","Tests per day","undefined_name","Tests by day","2020-06-29"," 1815","Number","22-10-21"
"Health","COVID-19 testing","Tests per day","undefined_name","Tests by day","2020-06-30"," 4733","Number","22-10-21"
"Health","COVID-19 testing","Tests per day","undefined_name","Tests by day","2020-07-01"," 3404","Number","22-10-21"
"Health","COVID-19 testing","Tests per day","undefined_name","Tests by day","2020-07-02"," 3728","Number","22-10-21"
"Health","COVID-19 testing","Tests per day","undefined_name","Tests by day","2020-07-03"," 2091","Number","22-10-21"
"Health","COVID-19 testing","Tests per day","undefined_name","Tests by day","2020-07-04","  587","Number","22-10-21"
"Health","COVID-19 testing","Tests per day","undefined_name","Tests by day","2020-07-05"," 2611","Number","22-10-21"
"Health","COVID-19 testing","Tests per day","undefined_name","Tests by day","2020-07-06"," 1850","Number","22-10-21"
"Health","COVID-19 testing","Tests per day","undefined_name","Tests by day","2020-07-07"," 2188","Number","22-10-21"
"Health","COVID-19 testing","Tests per day","undefined_name","Tests by day","2020-07-08"," 3003","Number","22-10-21"
"Health","COVID-19 testing","Tests per day","undefined_name","Tests by day","2020-07-09"," 2665","Number","22-10-21"
"Health","COVID-19 testing","Tests per day","undefined_name","Tests by day","2020-07-10"," 2102","Number","22-10-21"
"Health","COVID-19 testing","Tests per day","undefined_name","Tests by day","2020-07-11"," 1721","Number","22-10-21"
"Health","COVID-19 testing","Tests per day","undefined_name","Tests by day","2020-07-12"," 1091","Number","22-10-21"
"Health","COVID-19 testing","Tests per day","undefined_name","Tests by day","2020-07-13"," 1534","Number","22-10-21"
"Health","COVID-19 testing","Tests per day","undefined_name","Tests by day","2020-07-14"," 2791","Number","22-10-21"
"Health","COVID-19 testing","Tests per day","undefined_name","Tests by day","2020-07-15"," 2827","Number","22-10-21"
"Health","COVID-19 testing","Tests per day","undefined_name","Tests by day","2020-07-16"," 2351","Number","22-10-21"
"Health","COVID-19 testing","Tests per day","undefined_name","Tests by day","2020-07-17"," 2575","Number","22-10-21"
"Health","COVID-19 testing","Tests per day","undefined_name","Tests by day","2020-07-18"," 1436","Number","22-10-21"
"Health","COVID-19 testing","Tests per day","undefined_name","Tests by day","2020-07-19","  704","Number","22-10-21"
"Health","COVID-19 testing","Tests per day","undefined_name","Tests by day","2020-07-20","  955","Number","22-10-21"
"Health","COVID-19 testing","Tests per day","undefined_name","Tests by day","2020-07-21"," 2196","Number","22-10-21"
"Health","COVID-19 testing","Tests per day","undefined_name","Tests by day","2020-07-22"," 2366","Number","22-10-21"
"Health","COVID-19 testing","Tests per day","undefined_name","Tests by day","2020-07-23"," 2746","Number","22-10-21"
"Health","COVID-19 testing","Tests per day","undefined_name","Tests by day","2020-07-24"," 2394","Number","22-10-21"
"Health","COVID-19 testing","Tests per day","undefined_name","Tests by day","2020-07-25"," 1682","Number","22-10-21"
"Health","COVID-19 testing","Tests per day","undefined_name","Tests by day","2020-07-26","  645","Number","22-10-21"
"Health","COVID-19 testing","Tests per day","undefined_name","Tests by day","2020-07-27"," 1606","Number","22-10-21"
"Health","COVID-19 testing","Tests per day","undefined_name","Tests by day","2020-07-28"," 2401","Number","22-10-21"
"Health","COVID-19 testing","Tests per day","undefined_name","Tests by day","2020-07-29"," 2414","Number","22-10-21"
"Health","COVID-19 testing","Tests per day","undefined_name","Tests by day","2020-07-30"," 2396","Number","22-10-21"
"Health","COVID-19 testing","Tests per day","undefined_name","Tests by day","2020-07-31"," 3077","Number","22-10-21"
"Health","COVID-19 testing","Tests per day","undefined_name","Tests by day","2020-08-01"," 2409","Number","22-10-21"
"Health","COVID-19 testing","Tests per day","undefined_name","Tests by day","2020-08-02"," 1689","Number","22-10-21"
"Health","COVID-19 testing","Tests per day","undefined_name","Tests by day","2020-08-03"," 1702","Number","22-10-21"
"Health","COVID-19 testing","Tests per day","undefined_name","Tests by day","2020-08-04"," 4114","Number","22-10-21"
"Health","COVID-19 testing","Tests per day","undefined_name","Tests by day","2020-08-05"," 4889","Number","22-10-21"
"Health","COVID-19 testing","Tests per day","undefined_name","Tests by day","2020-08-06"," 4070","Number","22-10-21"
"Health","COVID-19 testing","Tests per day","undefined_name","Tests by day","2020-08-07"," 3365","Number","22-10-21"
"Health","COVID-19 testing","Tests per day","undefined_name","Tests by day","2020-08-08"," 4090","Number","22-10-21"
"Health","COVID-19 testing","Tests per day","undefined_name","Tests by day","2020-08-09"," 2338","Number","22-10-21"
"Health","COVID-19 testing","Tests per day","undefined_name","Tests by day","2020-08-10"," 1687","Number","22-10-21"
"Health","COVID-19 testing","Tests per day","undefined_name","Tests by day","2020-08-11"," 4164","Number","22-10-21"
"Health","COVID-19 testing","Tests per day","undefined_name","Tests by day","2020-08-12"," 5978","Number","22-10-21"
"Health","COVID-19 testing","Tests per day","undefined_name","Tests by day","2020-08-13","15653","Number","22-10-21"
"Health","COVID-19 testing","Tests per day","undefined_name","Tests by day","2020-08-14","23378","Number","22-10-21"
"Health","COVID-19 testing","Tests per day","undefined_name","Tests by day","2020-08-15","23991","Number","22-10-21"
"Health","COVID-19 testing","Tests per day","undefined_name","Tests by day","2020-08-16","25005","Number","22-10-21"
"Health","COVID-19 testing","Tests per day","undefined_name","Tests by day","2020-08-17","18436","Number","22-10-21"
"Health","COVID-19 testing","Tests per day","undefined_name","Tests by day","2020-08-18","22699","Number","22-10-21"
"Health","COVID-19 testing","Tests per day","undefined_name","Tests by day","2020-08-19","17598","Number","22-10-21"
"Health","COVID-19 testing","Tests per day","undefined_name","Tests by day","2020-08-20","14662","Number","22-10-21"
"Health","COVID-19 testing","Tests per day","undefined_name","Tests by day","2020-08-21","12009","Number","22-10-21"
"Health","COVID-19 testing","Tests per day","undefined_name","Tests by day","2020-08-22"," 7271","Number","22-10-21"
"Health","COVID-19 testing","Tests per day","undefined_name","Tests by day","2020-08-23"," 4477","Number","22-10-21"
"Health","COVID-19 testing","Tests per day","undefined_name","Tests by day","2020-08-24"," 4194","Number","22-10-21"
"Health","COVID-19 testing","Tests per day","undefined_name","Tests by day","2020-08-25"," 8498","Number","22-10-21"
"Health","COVID-19 testing","Tests per day","undefined_name","Tests by day","2020-08-26"," 8786","Number","22-10-21"
"Health","COVID-19 testing","Tests per day","undefined_name","Tests by day","2020-08-27","10410","Number","22-10-21"
"Health","COVID-19 testing","Tests per day","undefined_name","Tests by day","2020-08-28","10178","Number","22-10-21"
"Health","COVID-19 testing","Tests per day","undefined_name","Tests by day","2020-08-29","10500","Number","22-10-21"
"Health","COVID-19 testing","Tests per day","undefined_name","Tests by day","2020-08-30"," 6566","Number","22-10-21"
"Health","COVID-19 testing","Tests per day","undefined_name","Tests by day","2020-08-31"," 8939","Number","22-10-21"
"Health","COVID-19 testing","Tests per day","undefined_name","Tests by day","2020-09-01","11149","Number","22-10-21"
"Health","COVID-19 testing","Tests per day","undefined_name","Tests by day","2020-09-02","10523","Number","22-10-21"
"Health","COVID-19 testing","Tests per day","undefined_name","Tests by day","2020-09-03"," 9589","Number","22-10-21"
"Health","COVID-19 testing","Tests per day","undefined_name","Tests by day","2020-09-04"," 8860","Number","22-10-21"
"Health","COVID-19 testing","Tests per day","undefined_name","Tests by day","2020-09-05"," 7775","Number","22-10-21"
"Health","COVID-19 testing","Tests per day","undefined_name","Tests by day","2020-09-06"," 3999","Number","22-10-21"
"Health","COVID-19 testing","Tests per day","undefined_name","Tests by day","2020-09-07"," 4695","Number","22-10-21"
"Health","COVID-19 testing","Tests per day","undefined_name","Tests by day","2020-09-08"," 8016","Number","22-10-21"
"Health","COVID-19 testing","Tests per day","undefined_name","Tests by day","2020-09-09"," 7707","Number","22-10-21"
"Health","COVID-19 testing","Tests per day","undefined_name","Tests by day","2020-09-10"," 8551","Number","22-10-21"
"Health","COVID-19 testing","Tests per day","undefined_name","Tests by day","2020-09-11"," 8915","Number","22-10-21"
"Health","COVID-19 testing","Tests per day","undefined_name","Tests by day","2020-09-12"," 7485","Number","22-10-21"
"Health","COVID-19 testing","Tests per day","undefined_name","Tests by day","2020-09-13"," 3862","Number","22-10-21"
"Health","COVID-19 testing","Tests per day","undefined_name","Tests by day","2020-09-14"," 3931","Number","22-10-21"
"Health","COVID-19 testing","Tests per day","undefined_name","Tests by day","2020-09-15"," 8598","Number","22-10-21"
"Health","COVID-19 testing","Tests per day","undefined_name","Tests by day","2020-09-16"," 8345","Number","22-10-21"
"Health","COVID-19 testing","Tests per day","undefined_name","Tests by day","2020-09-17"," 7317","Number","22-10-21"
"Health","COVID-19 testing","Tests per day","undefined_name","Tests by day","2020-09-18"," 8170","Number","22-10-21"
"Health","COVID-19 testing","Tests per day","undefined_name","Tests by day","2020-09-19"," 5537","Number","22-10-21"
"Health","COVID-19 testing","Tests per day","undefined_name","Tests by day","2020-09-20"," 3367","Number","22-10-21"
"Health","COVID-19 testing","Tests per day","undefined_name","Tests by day","2020-09-21"," 3507","Number","22-10-21"
"Health","COVID-19 testing","Tests per day","undefined_name","Tests by day","2020-09-22"," 6842","Number","22-10-21"
"Health","COVID-19 testing","Tests per day","undefined_name","Tests by day","2020-09-23"," 6080","Number","22-10-21"
"Health","COVID-19 testing","Tests per day","undefined_name","Tests by day","2020-09-24"," 6435","Number","22-10-21"
"Health","COVID-19 testing","Tests per day","undefined_name","Tests by day","2020-09-25"," 5875","Number","22-10-21"
"Health","COVID-19 testing","Tests per day","undefined_name","Tests by day","2020-09-26"," 5077","Number","22-10-21"
"Health","COVID-19 testing","Tests per day","undefined_name","Tests by day","2020-09-27"," 3612","Number","22-10-21"
"Health","COVID-19 testing","Tests per day","undefined_name","Tests by day","2020-09-28"," 3244","Number","22-10-21"
"Health","COVID-19 testing","Tests per day","undefined_name","Tests by day","2020-09-29"," 4995","Number","22-10-21"
"Health","COVID-19 testing","Tests per day","undefined_name","Tests by day","2020-09-30"," 5607","Number","22-10-21"
"Health","COVID-19 testing","Tests per day","undefined_name","Tests by day","2020-10-01"," 4749","Number","22-10-21"
"Health","COVID-19 testing","Tests per day","undefined_name","Tests by day","2020-10-02"," 6359","Number","22-10-21"
"Health","COVID-19 testing","Tests per day","undefined_name","Tests by day","2020-10-03"," 4010","Number","22-10-21"
"Health","COVID-19 testing","Tests per day","undefined_name","Tests by day","2020-10-04"," 2579","Number","22-10-21"
"Health","COVID-19 testing","Tests per day","undefined_name","Tests by day","2020-10-05"," 3038","Number","22-10-21"
"Health","COVID-19 testing","Tests per day","undefined_name","Tests by day","2020-10-06"," 5669","Number","22-10-21"
"Health","COVID-19 testing","Tests per day","undefined_name","Tests by day","2020-10-07"," 6152","Number","22-10-21"
"Health","COVID-19 testing","Tests per day","undefined_name","Tests by day","2020-10-08"," 5597","Number","22-10-21"
"Health","COVID-19 testing","Tests per day","undefined_name","Tests by day","2020-10-09"," 4814","Number","22-10-21"
"Health","COVID-19 testing","Tests per day","undefined_name","Tests by day","2020-10-10"," 3809","Number","22-10-21"
"Health","COVID-19 testing","Tests per day","undefined_name","Tests by day","2020-10-11"," 2026","Number","22-10-21"
"Health","COVID-19 testing","Tests per day","undefined_name","Tests by day","2020-10-12"," 3017","Number","22-10-21"
"Health","COVID-19 testing","Tests per day","undefined_name","Tests by day","2020-10-13"," 5849","Number","22-10-21"
"Health","COVID-19 testing","Tests per day","undefined_name","Tests by day","2020-10-14"," 5196","Number","22-10-21"
"Health","COVID-19 testing","Tests per day","undefined_name","Tests by day","2020-10-15"," 5078","Number","22-10-21"
"Health","COVID-19 testing","Tests per day","undefined_name","Tests by day","2020-10-16"," 4794","Number","22-10-21"
"Health","COVID-19 testing","Tests per day","undefined_name","Tests by day","2020-10-17"," 3390","Number","22-10-21"
"Health","COVID-19 testing","Tests per day","undefined_name","Tests by day","2020-10-18"," 1773","Number","22-10-21"
"Health","COVID-19 testing","Tests per day","undefined_name","Tests by day","2020-10-19"," 2715","Number","22-10-21"
"Health","COVID-19 testing","Tests per day","undefined_name","Tests by day","2020-10-20"," 6308","Number","22-10-21"
"Health","COVID-19 testing","Tests per day","undefined_name","Tests by day","2020-10-21"," 7083","Number","22-10-21"
"Health","COVID-19 testing","Tests per day","undefined_name","Tests by day","2020-10-22"," 6053","Number","22-10-21"
"Health","COVID-19 testing","Tests per day","undefined_name","Tests by day","2020-10-23"," 7700","Number","22-10-21"
"Health","COVID-19 testing","Tests per day","undefined_name","Tests by day","2020-10-24"," 5396","Number","22-10-21"
"Health","COVID-19 testing","Tests per day","undefined_name","Tests by day","2020-10-25"," 3038","Number","22-10-21"
"Health","COVID-19 testing","Tests per day","undefined_name","Tests by day","2020-10-26"," 2311","Number","22-10-21"
"Health","COVID-19 testing","Tests per day","undefined_name","Tests by day","2020-10-27"," 3335","Number","22-10-21"
"Health","COVID-19 testing","Tests per day","undefined_name","Tests by day","2020-10-28"," 7403","Number","22-10-21"
"Health","COVID-19 testing","Tests per day","undefined_name","Tests by day","2020-10-29"," 7472","Number","22-10-21"
"Health","COVID-19 testing","Tests per day","undefined_name","Tests by day","2020-10-30"," 5964","Number","22-10-21"
"Health","COVID-19 testing","Tests per day","undefined_name","Tests by day","2020-10-31"," 4401","Number","22-10-21"
"Health","COVID-19 testing","Tests per day","undefined_name","Tests by day","2020-11-01"," 3046","Number","22-10-21"
"Health","COVID-19 testing","Tests per day","undefined_name","Tests by day","2020-11-02"," 2455","Number","22-10-21"
"Health","COVID-19 testing","Tests per day","undefined_name","Tests by day","2020-11-03"," 7171","Number","22-10-21"
"Health","COVID-19 testing","Tests per day","undefined_name","Tests by day","2020-11-04"," 6391","Number","22-10-21"
"Health","COVID-19 testing","Tests per day","undefined_name","Tests by day","2020-11-05"," 6856","Number","22-10-21"
"Health","COVID-19 testing","Tests per day","undefined_name","Tests by day","2020-11-06"," 5834","Number","22-10-21"
"Health","COVID-19 testing","Tests per day","undefined_name","Tests by day","2020-11-07"," 4116","Number","22-10-21"
"Health","COVID-19 testing","Tests per day","undefined_name","Tests by day","2020-11-08"," 3042","Number","22-10-21"
"Health","COVID-19 testing","Tests per day","undefined_name","Tests by day","2020-11-09"," 2960","Number","22-10-21"
"Health","COVID-19 testing","Tests per day","undefined_name","Tests by day","2020-11-10"," 5995","Number","22-10-21"
"Health","COVID-19 testing","Tests per day","undefined_name","Tests by day","2020-11-11"," 6581","Number","22-10-21"
"Health","COVID-19 testing","Tests per day","undefined_name","Tests by day","2020-11-12"," 7226","Number","22-10-21"
"Health","COVID-19 testing","Tests per day","undefined_name","Tests by day","2020-11-13"," 6320","Number","22-10-21"
"Health","COVID-19 testing","Tests per day","undefined_name","Tests by day","2020-11-14","10525","Number","22-10-21"
"Health","COVID-19 testing","Tests per day","undefined_name","Tests by day","2020-11-15"," 5298","Number","22-10-21"
"Health","COVID-19 testing","Tests per day","undefined_name","Tests by day","2020-11-16"," 6146","Number","22-10-21"
"Health","COVID-19 testing","Tests per day","undefined_name","Tests by day","2020-11-17"," 8392","Number","22-10-21"
"Health","COVID-19 testing","Tests per day","undefined_name","Tests by day","2020-11-18"," 8665","Number","22-10-21"
"Health","COVID-19 testing","Tests per day","undefined_name","Tests by day","2020-11-19"," 9292","Number","22-10-21"
"Health","COVID-19 testing","Tests per day","undefined_name","Tests by day","2020-11-20"," 7014","Number","22-10-21"
"Health","COVID-19 testing","Tests per day","undefined_name","Tests by day","2020-11-21"," 6504","Number","22-10-21"
"Health","COVID-19 testing","Tests per day","undefined_name","Tests by day","2020-11-22"," 3274","Number","22-10-21"
"Health","COVID-19 testing","Tests per day","undefined_name","Tests by day","2020-11-23"," 3560","Number","22-10-21"
"Health","COVID-19 testing","Tests per day","undefined_name","Tests by day","2020-11-24"," 5779","Number","22-10-21"
"Health","COVID-19 testing","Tests per day","undefined_name","Tests by day","2020-11-25"," 9083","Number","22-10-21"
"Health","COVID-19 testing","Tests per day","undefined_name","Tests by day","2020-11-26"," 7454","Number","22-10-21"
"Health","COVID-19 testing","Tests per day","undefined_name","Tests by day","2020-11-27"," 6888","Number","22-10-21"
"Health","COVID-19 testing","Tests per day","undefined_name","Tests by day","2020-11-28"," 5642","Number","22-10-21"
"Health","COVID-19 testing","Tests per day","undefined_name","Tests by day","2020-11-29"," 2939","Number","22-10-21"
"Health","COVID-19 testing","Tests per day","undefined_name","Tests by day","2020-11-30"," 3165","Number","22-10-21"
"Health","COVID-19 testing","Tests per day","undefined_name","Tests by day","2020-12-01"," 7076","Number","22-10-21"
"Health","COVID-19 testing","Tests per day","undefined_name","Tests by day","2020-12-02"," 5843","Number","22-10-21"
"Health","COVID-19 testing","Tests per day","undefined_name","Tests by day","2020-12-03"," 6846","Number","22-10-21"
"Health","COVID-19 testing","Tests per day","undefined_name","Tests by day","2020-12-04"," 6047","Number","22-10-21"
"Health","COVID-19 testing","Tests per day","undefined_name","Tests by day","2020-12-05"," 5490","Number","22-10-21"
"Health","COVID-19 testing","Tests per day","undefined_name","Tests by day","2020-12-06"," 2315","Number","22-10-21"
"Health","COVID-19 testing","Tests per day","undefined_name","Tests by day","2020-12-07"," 2894","Number","22-10-21"
"Health","COVID-19 testing","Tests per day","undefined_name","Tests by day","2020-12-08"," 6397","Number","22-10-21"
"Health","COVID-19 testing","Tests per day","undefined_name","Tests by day","2020-12-11"," 4962","Number","22-10-21"
"Health","COVID-19 testing","Tests per day","undefined_name","Tests by day","2020-12-13"," 4245","Number","22-10-21"
"Health","COVID-19 testing","Tests per day","undefined_name","Tests by day","2020-12-14"," 2203","Number","22-10-21"
"Health","COVID-19 testing","Tests per day","undefined_name","Tests by day","2020-12-15"," 5942","Number","22-10-21"
"Health","COVID-19 testing","Tests per day","undefined_name","Tests by day","2020-12-18"," 4972","Number","22-10-21"
"Health","COVID-19 testing","Tests per day","undefined_name","Tests by day","2020-12-20"," 4411","Number","22-10-21"
"Health","COVID-19 testing","Tests per day","undefined_name","Tests by day","2020-12-21"," 2160","Number","22-10-21"
"Health","COVID-19 testing","Tests per day","undefined_name","Tests by day","2020-12-23"," 5184","Number","22-10-21"
"Health","COVID-19 testing","Tests per day","undefined_name","Tests by day","2020-12-27",NA,"Number","22-10-21"
"Health","COVID-19 testing","Tests per day","undefined_name","Tests by day","2020-12-29"," 2180","Number","22-10-21"
"Health","COVID-19 testing","Tests per day","undefined_name","Tests by day","2020-12-31"," 4347","Number","22-10-21"
"Health","COVID-19 testing","Tests per day","undefined_name","Tests by day","2021-01-03"," 1598","Number","22-10-21"
"Health","COVID-19 testing","Tests per day","undefined_name","Tests by day","2021-01-05"," 2156","Number","22-10-21"
"Health","COVID-19 testing","Tests per day","undefined_name","Tests by day","2021-01-07"," 4694","Number","22-10-21"
"Health","COVID-19 testing","Tests per day","undefined_name","Tests by day","2021-01-10"," 3142","Number","22-10-21"
"Health","COVID-19 testing","Tests per day","undefined_name","Tests by day","2021-01-11"," 2716","Number","22-10-21"
"Health","COVID-19 testing","Tests per day","undefined_name","Tests by day","2021-01-13"," 4847","Number","22-10-21"
"Health","COVID-19 testing","Tests per day","undefined_name","Tests by day","2021-01-15"," 4358","Number","22-10-21"
"Health","COVID-19 testing","Tests per day","undefined_name","Tests by day","2021-01-17"," 3488","Number","22-10-21"
"Health","COVID-19 testing","Tests per day","undefined_name","Tests by day","2021-01-18"," 1868","Number","22-10-21"
"Health","COVID-19 testing","Tests per day","undefined_name","Tests by day","2021-01-20"," 4451","Number","22-10-21"
"Health","COVID-19 testing","Tests per day","undefined_name","Tests by day","2021-01-22"," 4305","Number","22-10-21"
"Health","COVID-19 testing","Tests per day","undefined_name","Tests by day","2021-01-24"," 2678","Number","22-10-21"
"Health","COVID-19 testing","Tests per day","undefined_name","Tests by day","2021-01-26"," 3582","Number","22-10-21"
"Health","COVID-19 testing","Tests per day","undefined_name","Tests by day","2021-01-27","10812","Number","22-10-21"
"Health","COVID-19 testing","Tests per day","undefined_name","Tests by day","2021-01-28"," 8306","Number","22-10-21"
"Health","COVID-19 testing","Tests per day","undefined_name","Tests by day","2021-02-01"," 3017","Number","22-10-21"
"Health","COVID-19 testing","Tests per day","undefined_name","Tests by day","2021-02-02"," 2302","Number","22-10-21"
"Health","COVID-19 testing","Tests per day","undefined_name","Tests by day","2021-02-03"," 4106","Number","22-10-21"
"Health","COVID-19 testing","Tests per day","undefined_name","Tests by day","2021-02-04"," 5130","Number","22-10-21"
"Health","COVID-19 testing","Tests per day","undefined_name","Tests by day","2021-02-05"," 4875","Number","22-10-21"
"Health","COVID-19 testing","Tests per day","undefined_name","Tests by day","2021-02-08"," 2579","Number","22-10-21"
"Health","COVID-19 testing","Tests per day","undefined_name","Tests by day","2021-02-09"," 2207","Number","22-10-21"
"Health","COVID-19 testing","Tests per day","undefined_name","Tests by day","2021-02-10"," 2845","Number","22-10-21"
"Health","COVID-19 testing","Tests per day","undefined_name","Tests by day","2021-02-11"," 5740","Number","22-10-21"
"Health","COVID-19 testing","Tests per day","undefined_name","Tests by day","2021-02-12"," 5089","Number","22-10-21"
"Health","COVID-19 testing","Tests per day","undefined_name","Tests by day","2021-02-14"," 3343","Number","22-10-21"
"Health","COVID-19 testing","Tests per day","undefined_name","Tests by day","2021-02-15"," 3132","Number","22-10-21"
"Health","COVID-19 testing","Tests per day","undefined_name","Tests by day","2021-02-16"," 5818","Number","22-10-21"
"Health","COVID-19 testing","Tests per day","undefined_name","Tests by day","2021-02-17","17439","Number","22-10-21"
"Health","COVID-19 testing","Tests per day","undefined_name","Tests by day","2021-02-18","16640","Number","22-10-21"
"Health","COVID-19 testing","Tests per day","undefined_name","Tests by day","2021-02-19","10833","Number","22-10-21"
"Health","COVID-19 testing","Tests per day","undefined_name","Tests by day","2021-02-21"," 7392","Number","22-10-21"
"Health","COVID-19 testing","Tests per day","undefined_name","Tests by day","2021-02-22"," 3882","Number","22-10-21"
"Health","COVID-19 testing","Tests per day","undefined_name","Tests by day","2021-02-23"," 4123","Number","22-10-21"
"Health","COVID-19 testing","Tests per day","undefined_name","Tests by day","2021-02-24"," 7834","Number","22-10-21"
"Health","COVID-19 testing","Tests per day","undefined_name","Tests by day","2021-02-25"," 9269","Number","22-10-21"
"Health","COVID-19 testing","Tests per day","undefined_name","Tests by day","2021-02-26","10123","Number","22-10-21"
"Health","COVID-19 testing","Tests per day","undefined_name","Tests by day","2021-02-28"," 6015","Number","22-10-21"
"Health","COVID-19 testing","Tests per day","undefined_name","Tests by day","2021-03-01"," 4648","Number","22-10-21"
"Health","COVID-19 testing","Tests per day","undefined_name","Tests by day","2021-03-02"," 8880","Number","22-10-21"
"Health","COVID-19 testing","Tests per day","undefined_name","Tests by day","2021-03-04","14671","Number","22-10-21"
"Health","COVID-19 testing","Tests per day","undefined_name","Tests by day","2021-03-05","11402","Number","22-10-21"
"Health","COVID-19 testing","Tests per day","undefined_name","Tests by day","2021-03-07"," 6733","Number","22-10-21"
"Health","COVID-19 testing","Tests per day","undefined_name","Tests by day","2021-03-08"," 3962","Number","22-10-21"
"Health","COVID-19 testing","Tests per day","undefined_name","Tests by day","2021-03-09"," 3526","Number","22-10-21"
"Health","COVID-19 testing","Tests per day","undefined_name","Tests by day","2021-03-10"," 8618","Number","22-10-21"
"Health","COVID-19 testing","Tests per day","undefined_name","Tests by day","2021-03-11"," 6448","Number","22-10-21"
"Health","COVID-19 testing","Tests per day","undefined_name","Tests by day","2021-03-12"," 6629","Number","22-10-21"
"Health","COVID-19 testing","Tests per day","undefined_name","Tests by day","2021-03-14"," 4510","Number","22-10-21"
"Health","COVID-19 testing","Tests per day","undefined_name","Tests by day","2021-03-15"," 2440","Number","22-10-21"
"Health","COVID-19 testing","Tests per day","undefined_name","Tests by day","2021-03-16"," 2822","Number","22-10-21"
"Health","COVID-19 testing","Tests per day","undefined_name","Tests by day","2021-03-17"," 6047","Number","22-10-21"
"Health","COVID-19 testing","Tests per day","undefined_name","Tests by day","2021-03-19"," 4531","Number","22-10-21"
"Health","COVID-19 testing","Tests per day","undefined_name","Tests by day","2021-03-21"," 4166","Number","22-10-21"
"Health","COVID-19 testing","Tests per day","undefined_name","Tests by day","2021-03-22"," 2690","Number","22-10-21"
"Health","COVID-19 testing","Tests per day","undefined_name","Tests by day","2021-03-23"," 2754","Number","22-10-21"
"Health","COVID-19 testing","Tests per day","undefined_name","Tests by day","2021-03-24"," 6436","Number","22-10-21"
"Health","COVID-19 testing","Tests per day","undefined_name","Tests by day","2021-03-25"," 6209","Number","22-10-21"
"Health","COVID-19 testing","Tests per day","undefined_name","Tests by day","2021-03-26"," 7117","Number","22-10-21"
"Health","COVID-19 testing","Tests per day","undefined_name","Tests by day","2021-03-28"," 4265","Number","22-10-21"
"Health","COVID-19 testing","Tests per day","undefined_name","Tests by day","2021-03-29"," 2748","Number","22-10-21"
"Health","COVID-19 testing","Tests per day","undefined_name","Tests by day","2021-03-30"," 3722","Number","22-10-21"
"Health","COVID-19 testing","Tests per day","undefined_name","Tests by day","2021-03-31"," 6096","Number","22-10-21"
"Health","COVID-19 testing","Tests per day","undefined_name","Tests by day","2021-04-01"," 5951","Number","22-10-21"
"Health","COVID-19 testing","Tests per day","undefined_name","Tests by day","2021-04-04","10568","Number","22-10-21"
"Health","COVID-19 testing","Tests per day","undefined_name","Tests by day","2021-04-06"," 2236","Number","22-10-21"
"Health","COVID-19 testing","Tests per day","undefined_name","Tests by day","2021-04-07"," 3389","Number","22-10-21"
"Health","COVID-19 testing","Tests per day","undefined_name","Tests by day","2021-04-08"," 6646","Number","22-10-21"
"Health","COVID-19 testing","Tests per day","undefined_name","Tests by day","2021-04-09"," 6646","Number","22-10-21"
"Health","COVID-19 testing","Tests per day","undefined_name","Tests by day","2021-04-11"," 4319","Number","22-10-21"
"Health","COVID-19 testing","Tests per day","undefined_name","Tests by day","2021-04-12"," 2738","Number","22-10-21"
"Health","COVID-19 testing","Tests per day","undefined_name","Tests by day","2021-04-13"," 3330","Number","22-10-21"
"Health","COVID-19 testing","Tests per day","undefined_name","Tests by day","2021-04-14"," 5591","Number","22-10-21"
"Health","COVID-19 testing","Tests per day","undefined_name","Tests by day","2021-04-15"," 5455","Number","22-10-21"
"Health","COVID-19 testing","Tests per day","undefined_name","Tests by day","2021-04-16"," 4694","Number","22-10-21"
"Health","COVID-19 testing","Tests per day","undefined_name","Tests by day","2021-04-18"," 3965","Number","22-10-21"
"Health","COVID-19 testing","Tests per day","undefined_name","Tests by day","2021-04-19"," 2113","Number","22-10-21"
"Health","COVID-19 testing","Tests per day","undefined_name","Tests by day","2021-04-20"," 3252","Number","22-10-21"
"Health","COVID-19 testing","Tests per day","undefined_name","Tests by day","2021-04-21"," 4771","Number","22-10-21"
"Health","COVID-19 testing","Tests per day","undefined_name","Tests by day","2021-04-22"," 5173","Number","22-10-21"
"Health","COVID-19 testing","Tests per day","undefined_name","Tests by day","2021-04-23"," 4749","Number","22-10-21"
"Health","COVID-19 testing","Tests per day","undefined_name","Tests by day","2021-04-25"," 3620","Number","22-10-21"
"Health","COVID-19 testing","Tests per day","undefined_name","Tests by day","2021-04-27"," 2079","Number","22-10-21"
"Health","COVID-19 testing","Tests per day","undefined_name","Tests by day","2021-04-28"," 3376","Number","22-10-21"
"Health","COVID-19 testing","Tests per day","undefined_name","Tests by day","2021-04-29"," 5340","Number","22-10-21"
"Health","COVID-19 testing","Tests per day","undefined_name","Tests by day","2021-04-30"," 5303","Number","22-10-21"
"Health","COVID-19 testing","Tests per day","undefined_name","Tests by day","2021-05-02"," 3257","Number","22-10-21"
"Health","COVID-19 testing","Tests per day","undefined_name","Tests by day","2021-05-03"," 2246","Number","22-10-21"
"Health","COVID-19 testing","Tests per day","undefined_name","Tests by day","2021-05-04"," 2726","Number","22-10-21"
"Health","COVID-19 testing","Tests per day","undefined_name","Tests by day","2021-05-05"," 5424","Number","22-10-21"
"Health","COVID-19 testing","Tests per day","undefined_name","Tests by day","2021-05-07"," 4871","Number","22-10-21"
"Health","COVID-19 testing","Tests per day","undefined_name","Tests by day","2021-05-09"," 3048","Number","22-10-21"
"Health","COVID-19 testing","Tests per day","undefined_name","Tests by day","2021-05-10"," 2335","Number","22-10-21"
"Health","COVID-19 testing","Tests per day","undefined_name","Tests by day","2021-05-11"," 2738","Number","22-10-21"
"Health","COVID-19 testing","Tests per day","undefined_name","Tests by day","2021-05-12"," 5182","Number","22-10-21"
"Health","COVID-19 testing","Tests per day","undefined_name","Tests by day","2021-05-13"," 4902","Number","22-10-21"
"Health","COVID-19 testing","Tests per day","undefined_name","Tests by day","2021-05-14"," 3704","Number","22-10-21"
"Health","COVID-19 testing","Tests per day","undefined_name","Tests by day","2021-05-16"," 2942","Number","22-10-21"
"Health","COVID-19 testing","Tests per day","undefined_name","Tests by day","2021-05-17"," 2217","Number","22-10-21"
"Health","COVID-19 testing","Tests per day","undefined_name","Tests by day","2021-05-18"," 2727","Number","22-10-21"
"Health","COVID-19 testing","Tests per day","undefined_name","Tests by day","2021-05-19"," 5324","Number","22-10-21"
"Health","COVID-19 testing","Tests per day","undefined_name","Tests by day","2021-05-20"," 4794","Number","22-10-21"
"Health","COVID-19 testing","Tests per day","undefined_name","Tests by day","2021-05-21"," 4747","Number","22-10-21"
"Health","COVID-19 testing","Tests per day","undefined_name","Tests by day","2021-05-23"," 2816","Number","22-10-21"
"Health","COVID-19 testing","Tests per day","undefined_name","Tests by day","2021-05-24"," 1976","Number","22-10-21"
"Health","COVID-19 testing","Tests per day","undefined_name","Tests by day","2021-05-25"," 2950","Number","22-10-21"
"Health","COVID-19 testing","Tests per day","undefined_name","Tests by day","2021-05-26"," 4776","Number","22-10-21"
"Health","COVID-19 testing","Tests per day","undefined_name","Tests by day","2021-05-27"," 4990","Number","22-10-21"
"Health","COVID-19 testing","Tests per day","undefined_name","Tests by day","2021-05-28"," 5131","Number","22-10-21"
"Health","COVID-19 testing","Tests per day","undefined_name","Tests by day","2021-05-30"," 5484","Number","22-10-21"
"Health","COVID-19 testing","Tests per day","undefined_name","Tests by day","2021-05-31"," 2925","Number","22-10-21"
"Health","COVID-19 testing","Tests per day","undefined_name","Tests by day","2021-06-01"," 3055","Number","22-10-21"
"Health","COVID-19 testing","Tests per day","undefined_name","Tests by day","2021-06-02"," 5619","Number","22-10-21"
"Health","COVID-19 testing","Tests per day","undefined_name","Tests by day","2021-06-03"," 5916","Number","22-10-21"
"Health","COVID-19 testing","Tests per day","undefined_name","Tests by day","2021-06-04"," 4771","Number","22-10-21"
"Health","COVID-19 testing","Tests per day","undefined_name","Tests by day","2021-06-06"," 3944","Number","22-10-21"
"Health","COVID-19 testing","Tests per day","undefined_name","Tests by day","2021-06-08"," 1893","Number","22-10-21"
"Health","COVID-19 testing","Tests per day","undefined_name","Tests by day","2021-06-09"," 3725","Number","22-10-21"
"Health","COVID-19 testing","Tests per day","undefined_name","Tests by day","2021-06-10"," 5617","Number","22-10-21"
"Health","COVID-19 testing","Tests per day","undefined_name","Tests by day","2021-06-11"," 4924","Number","22-10-21"
"Health","COVID-19 testing","Tests per day","undefined_name","Tests by day","2021-06-13"," 4152","Number","22-10-21"
"Health","COVID-19 testing","Tests per day","undefined_name","Tests by day","2021-06-14"," 2163","Number","22-10-21"
"Health","COVID-19 testing","Tests per day","undefined_name","Tests by day","2021-06-15"," 2694","Number","22-10-21"
"Health","COVID-19 testing","Tests per day","undefined_name","Tests by day","2021-06-16"," 5474","Number","22-10-21"
"Health","COVID-19 testing","Tests per day","undefined_name","Tests by day","2021-06-17"," 5498","Number","22-10-21"
"Health","COVID-19 testing","Tests per day","undefined_name","Tests by day","2021-06-18"," 5246","Number","22-10-21"
"Health","COVID-19 testing","Tests per day","undefined_name","Tests by day","2021-06-20"," 3204","Number","22-10-21"
"Health","COVID-19 testing","Tests per day","undefined_name","Tests by day","2021-06-21"," 2524","Number","22-10-21"
"Health","COVID-19 testing","Tests per day","undefined_name","Tests by day","2021-06-22"," 2857","Number","22-10-21"
"Health","COVID-19 testing","Tests per day","undefined_name","Tests by day","2021-06-23"," 5929","Number","22-10-21"
"Health","COVID-19 testing","Tests per day","undefined_name","Tests by day","2021-06-24"," 6999","Number","22-10-21"
"Health","COVID-19 testing","Tests per day","undefined_name","Tests by day","2021-06-25","10749","Number","22-10-21"
"Health","COVID-19 testing","Tests per day","undefined_name","Tests by day","2021-06-27"," 6120","Number","22-10-21"
"Health","COVID-19 testing","Tests per day","undefined_name","Tests by day","2021-06-28"," 3527","Number","22-10-21"
"Health","COVID-19 testing","Tests per day","undefined_name","Tests by day","2021-06-29"," 7240","Number","22-10-21"
"Health","COVID-19 testing","Tests per day","undefined_name","Tests by day","2021-06-30","10097","Number","22-10-21"
"Health","COVID-19 testing","Tests per day","undefined_name","Tests by day","2021-07-01"," 7775","Number","22-10-21"
"Health","COVID-19 testing","Tests per day","undefined_name","Tests by day","2021-07-02"," 7131","Number","22-10-21"
"Health","COVID-19 testing","Tests per day","undefined_name","Tests by day","2021-07-04"," 3870","Number","22-10-21"
"Health","COVID-19 testing","Tests per day","undefined_name","Tests by day","2021-07-05"," 3140","Number","22-10-21"
"Health","COVID-19 testing","Tests per day","undefined_name","Tests by day","2021-07-06"," 5053","Number","22-10-21"
"Health","COVID-19 testing","Tests per day","undefined_name","Tests by day","2021-07-07"," 7255","Number","22-10-21"
"Health","COVID-19 testing","Tests per day","undefined_name","Tests by day","2021-07-08"," 7011","Number","22-10-21"
"Health","COVID-19 testing","Tests per day","undefined_name","Tests by day","2021-07-09"," 7051","Number","22-10-21"
"Health","COVID-19 testing","Tests per day","undefined_name","Tests by day","2021-07-11"," 4881","Number","22-10-21"
"Health","COVID-19 testing","Tests per day","undefined_name","Tests by day","2021-07-12"," 2962","Number","22-10-21"
"Health","COVID-19 testing","Tests per day","undefined_name","Tests by day","2021-07-14"," 6945","Number","22-10-21"
"Health","COVID-19 testing","Tests per day","undefined_name","Tests by day","2021-07-15"," 7331","Number","22-10-21"
"Health","COVID-19 testing","Tests per day","undefined_name","Tests by day","2021-07-16"," 6070","Number","22-10-21"
"Health","COVID-19 testing","Tests per day","undefined_name","Tests by day","2021-07-18"," 5436","Number","22-10-21"
"Health","COVID-19 testing","Tests per day","undefined_name","Tests by day","2021-07-19"," 3876","Number","22-10-21"
"Health","COVID-19 testing","Tests per day","undefined_name","Tests by day","2021-07-20"," 3517","Number","22-10-21"
"Health","COVID-19 testing","Tests per day","undefined_name","Tests by day","2021-07-21"," 7120","Number","22-10-21"
"Health","COVID-19 testing","Tests per day","undefined_name","Tests by day","2021-07-22"," 7554","Number","22-10-21"
"Health","COVID-19 testing","Tests per day","undefined_name","Tests by day","2021-07-23"," 6441","Number","22-10-21"
"Health","COVID-19 testing","Tests per day","undefined_name","Tests by day","2021-07-25"," 5432","Number","22-10-21"
"Health","COVID-19 testing","Tests per day","undefined_name","Tests by day","2021-07-26"," 2844","Number","22-10-21"
"Health","COVID-19 testing","Tests per day","undefined_name","Tests by day","2021-07-27"," 4059","Number","22-10-21"
"Health","COVID-19 testing","Tests per day","undefined_name","Tests by day","2021-07-28"," 8594","Number","22-10-21"
"Health","COVID-19 testing","Tests per day","undefined_name","Tests by day","2021-07-29","11508","Number","22-10-21"
"Health","COVID-19 testing","Tests per day","undefined_name","Tests by day","2021-07-30"," 7189","Number","22-10-21"
"Health","COVID-19 testing","Tests per day","undefined_name","Tests by day","2021-08-01"," 4927","Number","22-10-21"
"Health","COVID-19 testing","Tests per day","undefined_name","Tests by day","2021-08-02"," 3284","Number","22-10-21"
"Health","COVID-19 testing","Tests per day","undefined_name","Tests by day","2021-08-03"," 4263","Number","22-10-21"
"Health","COVID-19 testing","Tests per day","undefined_name","Tests by day","2021-08-04"," 7895","Number","22-10-21"
"Health","COVID-19 testing","Tests per day","undefined_name","Tests by day","2021-08-05"," 7447","Number","22-10-21"
"Health","COVID-19 testing","Tests per day","undefined_name","Tests by day","2021-08-06"," 6183","Number","22-10-21"
"Health","COVID-19 testing","Tests per day","undefined_name","Tests by day","2021-08-08"," 5010","Number","22-10-21"
"Health","COVID-19 testing","Tests per day","undefined_name","Tests by day","2021-08-09"," 2044","Number","22-10-21"
"Health","COVID-19 testing","Tests per day","undefined_name","Tests by day","2021-08-10"," 3343","Number","22-10-21"
"Health","COVID-19 testing","Tests per day","undefined_name","Tests by day","2021-08-11"," 6287","Number","22-10-21"
"Health","COVID-19 testing","Tests per day","undefined_name","Tests by day","2021-08-12"," 7259","Number","22-10-21"
"Health","COVID-19 testing","Tests per day","undefined_name","Tests by day","2021-08-13"," 6060","Number","22-10-21"
"Health","COVID-19 testing","Tests per day","undefined_name","Tests by day","2021-08-15"," 4577","Number","22-10-21"
"Health","COVID-19 testing","Tests per day","undefined_name","Tests by day","2021-08-16"," 3126","Number","22-10-21"
"Health","COVID-19 testing","Tests per day","undefined_name","Tests by day","2021-08-17"," 2587","Number","22-10-21"
"Health","COVID-19 testing","Tests per day","undefined_name","Tests by day","2021-08-18"," 7057","Number","22-10-21"
"Health","COVID-19 testing","Tests per day","undefined_name","Tests by day","2021-08-20","27899","Number","22-10-21"
"Health","COVID-19 testing","Tests per day","undefined_name","Tests by day","2021-08-22","38389","Number","22-10-21"
"Health","COVID-19 testing","Tests per day","undefined_name","Tests by day","2021-08-23","35766","Number","22-10-21"
"Health","COVID-19 testing","Tests per day","undefined_name","Tests by day","2021-08-24","35376","Number","22-10-21"
"Health","COVID-19 testing","Tests per day","undefined_name","Tests by day","2021-08-25","49745","Number","22-10-21"
"Health","COVID-19 testing","Tests per day","undefined_name","Tests by day","2021-08-26","41739","Number","22-10-21"
"Health","COVID-19 testing","Tests per day","undefined_name","Tests by day","2021-08-27","37020","Number","22-10-21"
"Health","COVID-19 testing","Tests per day","undefined_name","Tests by day","2021-08-29","23139","Number","22-10-21"
"Health","COVID-19 testing","Tests per day","undefined_name","Tests by day","2021-08-30","16370","Number","22-10-21"
"Health","COVID-19 testing","Tests per day","undefined_name","Tests by day","2021-08-31","16755","Number","22-10-21"
"Health","COVID-19 testing","Tests per day","undefined_name","Tests by day","2021-09-01","22158","Number","22-10-21"
"Health","COVID-19 testing","Tests per day","undefined_name","Tests by day","2021-09-02","17683","Number","22-10-21"
"Health","COVID-19 testing","Tests per day","undefined_name","Tests by day","2021-09-03","12796","Number","22-10-21"
"Health","COVID-19 testing","Tests per day","undefined_name","Tests by day","2021-09-05"," 9238","Number","22-10-21"
"Health","COVID-19 testing","Tests per day","undefined_name","Tests by day","2021-09-06"," 4750","Number","22-10-21"
"Health","COVID-19 testing","Tests per day","undefined_name","Tests by day","2021-09-07"," 7255","Number","22-10-21"
"Health","COVID-19 testing","Tests per day","undefined_name","Tests by day","2021-09-08","13230","Number","22-10-21"
"Health","COVID-19 testing","Tests per day","undefined_name","Tests by day","2021-09-09","17684","Number","22-10-21"
"Health","COVID-19 testing","Tests per day","undefined_name","Tests by day","2021-09-10","14181","Number","22-10-21"
"Health","COVID-19 testing","Tests per day","undefined_name","Tests by day","2021-09-12","10958","Number","22-10-21"
"Health","COVID-19 testing","Tests per day","undefined_name","Tests by day","2021-09-13"," 8657","Number","22-10-21"
"Health","COVID-19 testing","Tests per day","undefined_name","Tests by day","2021-09-14"," 9279","Number","22-10-21"
"Health","COVID-19 testing","Tests per day","undefined_name","Tests by day","2021-09-15","15105","Number","22-10-21"
"Health","COVID-19 testing","Tests per day","undefined_name","Tests by day","2021-09-16","17578","Number","22-10-21"
"Health","COVID-19 testing","Tests per day","undefined_name","Tests by day","2021-09-17","15419","Number","22-10-21"
"Health","COVID-19 testing","Tests per day","undefined_name","Tests by day","2021-09-19","13833","Number","22-10-21"
"Health","COVID-19 testing","Tests per day","undefined_name","Tests by day","2021-09-20"," 8084","Number","22-10-21"
"Health","COVID-19 testing","Tests per day","undefined_name","Tests by day","2021-09-21"," 8346","Number","22-10-21"
"Health","COVID-19 testing","Tests per day","undefined_name","Tests by day","2021-09-22","18877","Number","22-10-21"
"Health","COVID-19 testing","Tests per day","undefined_name","Tests by day","2021-09-23","19194","Number","22-10-21"
"Health","COVID-19 testing","Tests per day","undefined_name","Tests by day","2021-09-24","14855","Number","22-10-21"
"Health","COVID-19 testing","Tests per day","undefined_name","Tests by day","2021-09-26","13442","Number","22-10-21"
"Health","COVID-19 testing","Tests per day","undefined_name","Tests by day","2021-09-27"," 6906","Number","22-10-21"
"Health","COVID-19 testing","Tests per day","undefined_name","Tests by day","2021-09-28"," 9955","Number","22-10-21"
"Health","COVID-19 testing","Tests per day","undefined_name","Tests by day","2021-09-29","15437","Number","22-10-21"
"Health","COVID-19 testing","Tests per day","undefined_name","Tests by day","2021-09-30","16537","Number","22-10-21"
"Health","COVID-19 testing","Tests per day","undefined_name","Tests by day","2021-10-01","19038","Number","22-10-21"
"Health","COVID-19 testing","Tests per day","undefined_name","Tests by day","2021-10-03","16915","Number","22-10-21"
"Health","COVID-19 testing","Tests per day","undefined_name","Tests by day","2021-10-04","13693","Number","22-10-21"
"Health","COVID-19 testing","Tests per day","undefined_name","Tests by day","2021-10-05","14905","Number","22-10-21"
"Health","COVID-19 testing","Tests per day","undefined_name","Tests by day","2021-10-06","24714","Number","22-10-21"
"Health","COVID-19 testing","Tests per day","undefined_name","Tests by day","2021-10-07","23387","Number","22-10-21"
"Health","COVID-19 testing","Tests per day","undefined_name","Tests by day","2021-10-08","29925","Number","22-10-21"
"Health","COVID-19 testing","Tests per day","undefined_name","Tests by day","2021-10-10","20421","Number","22-10-21"
"Health","COVID-19 testing","Tests per day","undefined_name","Tests by day","2021-10-11","15349","Number","22-10-21"
"Health","COVID-19 testing","Tests per day","undefined_name","Tests by day","2021-10-12","16565","Number","22-10-21"
"Health","COVID-19 testing","Tests per day","undefined_name","Tests by day","2021-10-13","25799","Number","22-10-21"
"Health","COVID-19 testing","Tests per day","undefined_name","Tests by day","2021-10-14","28646","Number","22-10-21"
"Health","COVID-19 testing","Tests per day","undefined_name","Tests by day","2021-10-15","27766","Number","22-10-21"
"Health","COVID-19 testing","Tests per day","undefined_name","Tests by day","2021-10-17","26667","Number","22-10-21"
"Health","COVID-19 testing","Tests per day","undefined_name","Tests by day","2021-10-18","20809","Number","22-10-21"
"Health","COVID-19 testing","Tests per day","undefined_name","Tests by day","2021-10-19","16921","Number","22-10-21"
"Health","COVID-19 testing","Tests per day","undefined_name","Tests by day","2021-10-20","26330","Number","22-10-21"
"Health","COVID-19 testing","Tests per day","undefined_name","Tests by day","2021-10-21","26669","Number","22-10-21"
"Health","COVID-19 testing","Tests per day","undefined_name","Tests by day","2021-10-22","27831","Number","22-10-21"
